id,created_at,updated_at,steam_id,marketplace_slug,source,related_steam_id,reversed_at,reporter_internal_id,expunged_at
181201483646107648,1778891400262,1778891400262,76561199066658488,csfloat,0,,1778890536618,2807039,
181209033179398144,1778893200211,1778893200211,76561199538933064,csfloat,0,,1778891340246,2807462,
181209033191981056,1778893200214,1778893200214,76561199572563573,csfloat,0,,1778892223452,2807535,
181239232453410816,1778900400279,1778900400279,76561199492751384,csfloat,0,,1778899094924,2807824,
181254331134115840,1778904000085,1778904000085,76561198853377138,csfloat,0,,1778902640011,2807922,
181269431408656384,1778907600271,1778907600271,76561198336222764,csfloat,0,,1778906175244,2808011,
181292080088219648,1778913000137,1778913000137,76561198447831810,csfloat,0,,1778911179655,2808146,
181292080104996864,1778913000141,1778913000141,76561199730689409,csfloat,0,,1778911827756,2808159,
181307179507122176,1778916600119,1778916600119,76561198735591428,csfloat,0,,1778914932489,2808239,
181314730005102592,1778918400298,1778918400298,76561198275002860,csfloat,0,,1778916313539,2808458,
181314730013491200,1778918400300,1778918400300,76561199560264434,csfloat,0,,1778917193843,2808584,
181314730026074112,1778918400303,1778918400303,76561199805079232,csfloat,0,,1778917418852,2808616,
181329829054906368,1778922000192,1778922000192,76561198278651109,csfloat,0,,1778920548524,2808757,
181329829067489280,1778922000195,1778922000195,76561199136195036,csfloat,0,,1778921597978,2808800,
181337379305422848,1778923800312,1778923800312,76561199833157029,csfloat,0,,1778921842952,2808823,
181337379318005760,1778923800315,1778923800315,76561199186761705,csfloat,0,,1778922710002,2808843,
181344928121487360,1778925600090,1778925600090,76561197962251548,csfloat,0,,1778924250590,2808888,
181344928134070272,1778925600093,1778925600093,76561199809279263,csfloat,0,,1778924682613,2808911,
181375127584243712,1778932800203,1778932800203,76561199163372897,csfloat,0,,1778931478399,2809178,
181390227229638656,1778936400239,1778936400239,76561198167029988,csfloat,0,,1778934568162,2809323,
181390227246415872,1778936400243,1778936400243,76561199150718940,csfloat,0,,1778934744118,2809328,
181397777362714624,1778938200331,1778938200331,76561198104296762,csfloat,0,,1778937179970,2809464,
181405326069727232,1778940000083,1778940000083,76561199044902883,csfloat,0,,1778939059926,2809950,
181427975294550016,1778945400079,1778945400079,76561198747683448,csfloat,0,,1778944182367,2810815,
181435525305991168,1778947200142,1778947200142,76561198156159686,csfloat,0,,1778946229577,2810983,
181465724114436096,1778954400099,1778954400099,76561199438256397,csfloat,0,,1778952904312,2811587,
181465724131213312,1778954400103,1778954400103,76561198024709724,csfloat,0,,1778953643281,2811639,
181480824334450688,1778958000272,1778958000272,76561198808118390,csfloat,0,,1778957044363,2811819,
181488373280538624,1778959800081,1778959800081,76561198970357434,csfloat,0,,1778958576351,2811908,
181495923552026624,1778961600206,1778961600206,76561198310761821,csfloat,0,,1778959741306,2811984,
181495923564609536,1778961600209,1778961600209,76561199240559020,csfloat,0,,1778960995840,2812049,
181511023344222208,1778965200277,1778965200277,76561198877834656,csfloat,0,,1778963959695,2812221,
181541221871648768,1778972400167,1778972400167,76561198409586924,csfloat,0,,1778971975545,2812798,
181563871520096256,1778977800264,1778977800264,76561198169018924,csfloat,0,,1778975851478,2812939,
181571420550070272,1778979600093,1778979600093,76561198106470395,csfloat,0,,1778977674539,2813018,
181571420755591168,1778979600142,1778979600142,76561199133364980,csfloat,0,,1778978731156,2813077,
181594070072688640,1778985000160,1778985000160,76561198135469839,csfloat,0,,1778984057836,2813216,
181616719213625344,1778990400136,1778990400136,76561199214162938,csfloat,0,,1778989208596,2813359,
181631819010015232,1778994000208,1778994000208,76561198235394816,csfloat,0,,1778992009450,2813438,
181646918638632960,1778997600240,1778997600240,76561198079150640,csfloat,0,,1778996288292,2813594,
181677117044424704,1779004800101,1779004800101,76561198313695074,csfloat,0,,1779003248391,2814021,
181677117057007616,1779004800104,1779004800104,76561199541222314,csfloat,0,,1779003871332,2814038,
181684666669989888,1779006600072,1779006600072,76561199031037443,csfloat,0,,1779006088007,2814174,
181707316825948160,1779012000290,1779012000290,76561198857393271,csfloat,0,,1779010162251,2814472,
181707316838531072,1779012000293,1779012000293,76561198373862596,csfloat,0,,1779010839213,2814488,
181714866355044352,1779013800238,1779013800238,76561198317332585,csfloat,0,,1779011870429,2814538,
181714866367627264,1779013800241,1779013800241,76561199655452993,csfloat,0,,1779011897641,2814539,
181714866380210176,1779013800244,1779013800244,76561198132473880,csfloat,0,,1779013174029,2814591,
181729965673283584,1779017400196,1779017400196,76561198015644517,csfloat,0,,1779015383853,2814711,
181737516049629184,1779019200346,1779019200346,76561198123400765,csfloat,0,,1779017400950,2814857,
181737516066406400,1779019200350,1779019200350,76561198103210528,csfloat,0,,1779017405209,2814858,
181737516078989312,1779019200353,1779019200353,76561199050483318,csfloat,0,,1779018301216,2815455,
181745064957968384,1779021000146,1779021000146,76561199136487876,csfloat,0,,1779019127239,2815491,
181745064974745600,1779021000150,1779021000150,76561198725431809,csfloat,0,,1779019314897,2815498,
181775263640584192,1779028200073,1779028200073,76561198256849370,csfloat,0,,1779027816949,2815940,
181805463279501312,1779035400228,1779035400228,76561198297373330,csfloat,0,,1779034198210,2816359,
181805463292084224,1779035400231,1779035400231,76561198772754728,csfloat,0,,1779034632235,2816385,
181828112525295616,1779040800229,1779040800229,76561198135983590,csfloat,0,,1779038992635,2816582,
181828112537878528,1779040800232,1779040800232,76561198302202043,csfloat,0,,1779039001716,2816583,
181835661861453824,1779042600131,1779042600131,76561199011578994,csfloat,0,,1779041398027,2816825,
181843211382161408,1779044400077,1779044400077,76561199556772347,csfloat,0,,1779043373534,2816966,
181858311002390528,1779048000107,1779048000107,76561199777437271,csfloat,0,,1779046738552,2817171,
181873410782003200,1779051600175,1779051600175,76561198359033616,csfloat,0,,1779051007437,2817473,
181888510305763328,1779055200182,1779055200182,76561199247938745,csfloat,0,,1779053826270,2817659,
181888510318346240,1779055200185,1779055200185,76561198884715810,csfloat,0,,1779054478439,2817688,
181948908199477248,1779069600162,1779069600162,76561198074554760,csfloat,0,,1779067844365,2818534,
181956457590161408,1779071400077,1779071400077,76561198869656271,csfloat,0,,1779069766464,2818592,
181971558229606400,1779075000350,1779075000350,76561199099596909,csfloat,0,,1779073762967,2818735,
182047054548172800,1779093000075,1779093000075,76561198272230275,csfloat,0,,1779091861051,2819431,
182062154642358272,1779096600218,1779096600218,76561199554650678,csfloat,0,,1779095029682,2819553,
182062154654941184,1779096600221,1779096600221,76561199098612305,csfloat,0,,1779095215894,2819557,
182069703777189888,1779098400072,1779098400072,76561199052559843,csfloat,0,,1779097013669,2819627,
182077253918654464,1779100200166,1779100200166,76561198809567839,csfloat,0,,1779098150417,2819693,
182077253931237376,1779100200169,1779100200169,76561198381882496,csfloat,0,,1779099539753,2820039,
182092353530494976,1779103800194,1779103800194,76561199118451022,csfloat,0,,1779102783714,2820541,
182099903546130432,1779105600258,1779105600258,76561198030067953,csfloat,0,,1779104292691,2820623,
182099903554519040,1779105600260,1779105600260,76561199209850145,csfloat,0,,1779105193738,2820674,
182099903562907648,1779105600262,1779105600262,76561199140493814,csfloat,0,,1779105269854,2820675,
182107453268164608,1779107400252,1779107400252,76561199811913943,csfloat,0,,1779106073556,2820726,
182122551999201280,1779111000070,1779111000070,76561199027164448,csfloat,0,,1779109149488,2820990,
182130102463627264,1779112800241,1779112800241,76561198381232658,csfloat,0,,1779111221067,2821215,
182137651615236096,1779114600099,1779114600099,76561199802969617,csfloat,0,,1779113360974,2821293,
182145201811226624,1779116400206,1779116400206,76561198302098268,csfloat,0,,1779115356902,2821351,
182145201823809536,1779116400209,1779116400209,76561199840955826,csfloat,0,,1779115992038,2821378,
182182950027132928,1779125400082,1779125400082,76561199517775467,csfloat,0,,1779124624737,2822431,
182190500441227264,1779127200241,1779127200241,76561198405933476,csfloat,0,,1779125130416,2822450,
182190500453810176,1779127200244,1779127200244,76561198887456869,csfloat,0,,1779125721195,2822477,
182190500462198784,1779127200246,1779127200246,76561198811206216,csfloat,0,,1779125726647,2822478,
182190500470587392,1779127200248,1779127200248,76561199415466192,csfloat,0,,1779125734643,2822479,
182220698758938624,1779134400081,1779134400081,76561198865435107,csfloat,0,,1779133736250,2823351,
182220700356968448,1779134400462,1779134400462,76561198864339923,csfloat,0,,1779134068597,2823359,
182228249403719680,1779136200295,1779136200295,76561198348396112,csfloat,0,,1779135743326,2823443,
182243348944257024,1779139800306,1779139800306,76561199009407254,csfloat,0,,1779138180480,2823579,
182243348952645632,1779139800308,1779139800308,76561198074307302,csfloat,0,,1779139228057,2823641,
182250898074894336,1779141600159,1779141600159,76561198749590058,csfloat,0,,1779140611508,2823744,
182258448849698816,1779143400404,1779143400404,76561199148031962,csfloat,0,,1779142029848,2823809,
182265998039056384,1779145200271,1779145200271,76561198079244870,csfloat,0,,1779143832024,2824177,
182265998051639296,1779145200274,1779145200274,76561199543707661,csfloat,0,,1779143839021,2824178,
